Robot,Status,📑 Payload,Current location,Robot Data,License expiration,🏗️ Deployments,Approximate Ready Date,Robot Notes
Spot 30,Ready,Falcon 31 (https://www.notion.so/Falcon-31-23732e888e428005a8c7ed18279e2f57?pvs=21),Morgan Office,"Serial: spot-BD-52100018
WiFi-Password: ff8buop35ybs
Admin Password: tIqxy3-qymzuk
New Params: Yes","August 11, 2026",,09/26/2025,Morgan
Spot 29,Ready,Falcon 21 (https://www.notion.so/Falcon-21-1d532e888e42807597fffd400818b5d2?pvs=21),Morgan Office,"Serial: spot-BD-52100020
WiFi-Password: v9azs6pyan07
Admin Password: rakny2-feznuq
New Params: Yes","September 12, 2026",,09/24/2025,Morgan
Spot 28,Ready,Falcon 33 (https://www.notion.so/Falcon-33-23732e888e428048bb20c04a1ba118ab?pvs=21),Morgan Office,"Serial: spot-BD-52100019
WiFi-Password: tsbk8njn93wd
Admin Password: pifmoB- 
New Params: Yes","September 11, 2026",,09/23/2025,Morgan
Spot 27,Ready,Falcon 40 (https://www.notion.so/Falcon-40-24532e888e4280e8bdc7dd3ac9ee3bc9?pvs=21),Morgan Office,"Serial: spot-BD-52100021
WiFi-Password: 5chd75kfd8n6
Admin Password: bihcun-cEvvuj
New Params: Yes","August 12, 2026",,09/23/2025,Morgan
Spot 26,Ready,Falcon 35 (https://www.notion.so/Falcon-35-23732e888e42804a8988f65f059e8ffc?pvs=21),Morgan Office,"Serial: spot-BD-52100022
WiFi-Password: xg8h9ww9ukos
Admin Password: pydxy4-qihhUq
New Params: Yes","August 14, 2026",,09/23/2025,Morgan
Spot 25,Ready,Falcon 38 (https://www.notion.so/Falcon-38-24532e888e428034bddcca99541ca94a?pvs=21),Morgan Office,"Serial: spot-BD-41230024
WiFi-Password: uqn3yo93ecrn
Admin Password: 3z5gek59itxo
New Params: Yes","September 15, 2026",,08/25/2025,
Spot 24,Ready,No Payload (https://www.notion.so/No-Payload-21732e888e4280ac9201c9e9723a6857?pvs=21),Germany,"Serial: spot-BD-41080029,
Wi-Fi Password: 6ba7giszu5mo,
Admin Password: 23361!Tangerine
New Params: Yes","December 9, 2025",,,
Spot 23,Ready,Falcon 26 (https://www.notion.so/Falcon-26-20e32e888e42800085edd013d70d3aa8?pvs=21),Houston - TX,"Serial: spot-BD-41080030,
Wi-Fi Password: mhgsmffpmt8p,
Admin Password: 23361!Tangerine
New Params: Yes","September 9, 2026","HP_Houston (https://www.notion.so/HP_Houston-26b32e888e4280a18b4ec26fb173ea43?pvs=21), HP_Houston (https://www.notion.so/HP_Houston-26b32e888e4280d3b77cf6f01cab9a9b?pvs=21), HP_Houston (https://www.notion.so/HP_Houston-26f32e888e428040a5aff9cbf5ce76b9?pvs=21), HP_Houston (https://www.notion.so/HP_Houston-26f32e888e42808eabc2f17e95c57526?pvs=21), HP_Houston (https://www.notion.so/HP_Houston-27632e888e4280ef9acec6f24b73a51a?pvs=21), HP_Houston (https://www.notion.so/HP_Houston-27632e888e4280359ec7ccafd88b6366?pvs=21), HP_Houston (https://www.notion.so/HP_Houston-27632e888e4280759a24c4d7ce60e7cc?pvs=21), HP_Houston (https://www.notion.so/HP_Houston-27632e888e4280dc9a39da7f4a35f84d?pvs=21), HP_Houston (https://www.notion.so/HP_Houston-27632e888e4280fa8978e29c2d495527?pvs=21), HP_Houston (https://www.notion.so/HP_Houston-27632e888e4280558656e29081001993?pvs=21), HP_Houston (https://www.notion.so/HP_Houston-27d32e888e428088bb31d46ae3e43a5f?pvs=21), HP_Houston (https://www.notion.so/HP_Houston-27d32e888e4280ff9bd1f83ec2b8d737?pvs=21), HP_Houston (https://www.notion.so/HP_Houston-28432e888e428017ad45c220c9d01d3b?pvs=21), HP_Houston (https://www.notion.so/HP_Houston-28432e888e4280cfb76fe83193614e22?pvs=21), HP_Houston (https://www.notion.so/HP_Houston-29232e888e4280e19d9cc6b30b542e2f?pvs=21), HP_Houston (https://www.notion.so/HP_Houston-29232e888e42800088b8fb7b0ce79b2e?pvs=21)",06/25/2025,
Spot 22,Ready,Falcon 32 (https://www.notion.so/Falcon-32-23732e888e4280ba9dc6d1c9cbd41884?pvs=21),Shodo - JP,"Serial: spot-BD-51400047
WiFi Password: 23361!Tangerine
Admin Password:
23361!Tangerine
New Params: Yes","May 22, 2026",,07/16/2025,
Spot 21,Ready,Falcon 28 (https://www.notion.so/Falcon-28-20e32e888e428020af8dee73743f5379?pvs=21),Mineral - VA,"Serial: spot-BD-51410015,
Wi-Fi Password: zcphf2j7okiq,
Admin Password: 407exkvdcrww 
New Params: Yes","May 24, 2026",,06/20/2025,Clark IAD 550
Spot 20,,No Payload (https://www.notion.so/No-Payload-21732e888e4280ac9201c9e9723a6857?pvs=21),Boston - MA,"Serial: ???
Wi-Fi Password: ???
Admin Password: ???
New Params: Not Yet",,,,
Spot 19,Ready,Falcon 22 (https://www.notion.so/Falcon-22-20e32e888e4280babbc5d5f82f5780bb?pvs=21),Tokyo - JP,"Serial: spot-BD-50210006,
Wi-Fi Password: yzwer34pmacw,
Admin Password: mmypb03p7zi7
New Params: Yes","January 22, 2026",,03/07/2025,Kajima
Spot 18,Ready,Falcon 20 (https://www.notion.so/Falcon-20-1d532e888e42806aab5bd73b95af43ad?pvs=21),Tokyo - JP,"Serial: spot-BD-50060001,
Wi-Fi Password: 3bkipjsh3pir,
Admin Password: 4q9r7w8cj6b3
New Params: Yes","January 8, 2026","Kajima_OC (https://www.notion.so/Kajima_OC-22b32e888e4280f9aab0c223e7ab2f78?pvs=21), Kajima_OC (https://www.notion.so/Kajima_OC-22b32e888e4280f18a26fbd45b00f3b2?pvs=21), Kajima_OC (https://www.notion.so/Kajima_OC-22b32e888e42807791def5599d0033bd?pvs=21), Kajima_OC (https://www.notion.so/Kajima_OC-22b32e888e428018a4c2e95d1bb33f31?pvs=21), Kajima_OC (https://www.notion.so/Kajima_OC-22b32e888e42804bbb73e5a0ef87121d?pvs=21), Kajima_OC (https://www.notion.so/Kajima_OC-22b32e888e4280d4bf56d70470448fb4?pvs=21), Kajima_OC (https://www.notion.so/Kajima_OC-23132e888e42807fac00e9af287dc66e?pvs=21), Kajima_OC (https://www.notion.so/Kajima_OC-23132e888e428049a315c73ee1caec8a?pvs=21), Kajima_OC (https://www.notion.so/Kajima_OC-23232e888e4280828361f0e39bd6e81a?pvs=21), Kajima_OC (https://www.notion.so/Kajima_OC-23232e888e428095b339cdf667e71be2?pvs=21), Kajima_OC (https://www.notion.so/Kajima_OC-23232e888e4280eab484d39a2ca9ffe5?pvs=21), Kajima_OC (https://www.notion.so/Kajima_OC-23432e888e4280138a4df94cecbe348d?pvs=21), Kajima_OC (https://www.notion.so/Kajima_OC-23432e888e428072b3c2fd22fbe6cfec?pvs=21), Kajima_OC (https://www.notion.so/Kajima_OC-23832e888e428044a53aff14ccd452e2?pvs=21), Kajima_OC (https://www.notion.so/Kajima_OC-23832e888e428039ac62cda69f258065?pvs=21), Kajima_OC (https://www.notion.so/Kajima_OC-23832e888e4280a9ae0ee949b1f65a18?pvs=21), Kajima_OC (https://www.notion.so/Kajima_OC-23e32e888e4280a6a0dddcaa28b6c279?pvs=21), Kajima_OC (https://www.notion.so/Kajima_OC-23e32e888e4280119ec2e1bcfb1a91aa?pvs=21), Kajima_OC (https://www.notion.so/Kajima_OC-23e32e888e4280a4bb8bef8566396258?pvs=21), Kajima_OC (https://www.notion.so/Kajima_OC-24c32e888e42805c91f4d8a6e0b94db4?pvs=21), Kajima_OC (https://www.notion.so/Kajima_OC-24c32e888e4280c98a94ca8a81ebac53?pvs=21), Kajima_OC (https://www.notion.so/Kajima_OC-24c32e888e428023a60ec752f049e7da?pvs=21), Kajima_OC (https://www.notion.so/Kajima_OC-24c32e888e428027890bc387ef13ff5b?pvs=21), Kajima_OC (https://www.notion.so/Kajima_OC-24c32e888e4280399256ea5ac55090db?pvs=21), Kajima_OC (https://www.notion.so/Kajima_OC-24c32e888e4280b18866f41bfa864fff?pvs=21), Kajima_OC (https://www.notion.so/Kajima_OC-24c32e888e428011aefbfcb34a5b5579?pvs=21), Kajima_OC (https://www.notion.so/Kajima_OC-24c32e888e42809e8355d4a1ae23ba7d?pvs=21), Kajima_OC (https://www.notion.so/Kajima_OC-24c32e888e428055887dca16de6b67fa?pvs=21)",03/07/2025,Kajima OC
Spot 17,Ready,Falcon 36 (https://www.notion.so/Falcon-36-24532e888e428068af21d8c939a936d4?pvs=21),Morgan Office,"Serial: spot-BD-50220005,
Wi-Fi Password: 26yz5ia8y20c,
Admin Password:  vruor5j9rp46
New Params: Yes","January 23, 2026",Mix Demo Prep - Costa Mesa Warehouse (https://www.notion.so/Mix-Demo-Prep-Costa-Mesa-Warehouse-5a0d9efe0aca4da192ea2384a75a44b6?pvs=21),07/20/2025,
Spot 16,Ready,Falcon 39 (https://www.notion.so/Falcon-39-24532e888e428084a46de2beb03274d3?pvs=21),Hokkaido - JP,"Serial: spot-BD-50170019,
Wi-Fi Password: bx3vpeo5z4sz
Admin Password:  fAkzum-jufci8
New Params: Yes","January 21, 2026",,08/08/2025,
https://www.google.com/search?q=admin.fieldai.com&client=ubuntu-sn&hs=Uyt&sca_esv=dad87895c19efbc5&channel=fs&ei=AQ3CaOvLDuThp84P8Y_kCQ&ved=0ahUKEwir0MDXr8-PAxXk8MkDHfEHOQEQ4dUDCBI&uact=5&oq=admin.fieldai.com&gs_lp=Egxnd3Mtd2l6LXNlcnAiEWFkbWluLmZpZWxkYWkuY29tMgsQABiABBiRAhiKBTINEAAYgAQYsQMYQxiKBTIKEAAYgAQYQxiKBTIOEAAYgAQYsQMYgwEYyQMyCxAAGIAEGJIDGIoFMgsQABiABBiSAxiKBTIIEAAYgAQYsQMyCBAAGIAEGLEDMggQABiABBixAzILEAAYgAQYsQMYigVIpx1Q-AhYtxlwA3gAkAEAmAH0AaAB4ASqAQUwLjEuMrgBA8gBAPgBAZgCBqACkwXCAgkQABiwAxgNGB7CAhEQLhiABBiRAhjHARiKBRivAcICERAuGIAEGLEDGNEDGIMBGMcBwgIOEC4YgAQYsQMY0QMYxwHCAg4QLhiABBixAxiDARiKBcICCxAuGIAEGNEDGMcBwgIOEAAYgAQYsQMYgwEYigXCAg4QLhiABBjHARiOBRivAcICCBAuGIAEGLEDwgIIEC4YgAQY5QTCAgUQLhiABJgDAIgGAZAGCpIHBTMuMS4yoAf8O7IHBTAuMS4yuAf8BMIHBTItNS4xyAcn&sclient=gws-wiz-serppot 15,Ready,Falcon 23 (https://www.notion.so/Falcon-23-20832e888e4280c1ab86dd44829e0747?pvs=21),Falls Church - VA,"Serial: spot-BD-50060002,
Wi-Fi Password: jf4xwgb2qeqp
Admin Password: Finmaq-pubga1
New Params:Yes                         ","January 15, 2026",,10/14/2025,
Spot 14,Ready,No Payload (https://www.notion.so/No-Payload-21732e888e4280ac9201c9e9723a6857?pvs=21),Singapore,"Serial: spot-BD-41970022
Wi-Fi Password: dhcui7mr76zn
Admin Password: 0p0whejs7h0w
New Params: Not Yet","October 9, 2026",,10/14/2025,Singapore
Spot 13,Ready,Falcon 24 (https://www.notion.so/Falcon-24-20b32e888e4280b3b79aced9000d57da?pvs=21),Austin - TX,"Serial: spot-BD-40940001,
Wi-Fi Password: pwqzidngewko,
Admin Password: oa0dqx8u4hh5,
User Password: orangetangerine
New Params: Not Yet","August 5, 2026","Samsung Visit (https://www.notion.so/Samsung-Visit-c64a306ca96445e3bc8a997a29271dde?pvs=21), Samsung_Austin_5/15/2025 (https://www.notion.so/Samsung_Austin_5-15-2025-1f332e888e4280cd9882c61d8cae54c4?pvs=21), Samsung_Austin_6/5/2025 (https://www.notion.so/Samsung_Austin_6-5-2025-20732e888e428095882ef307af74c02f?pvs=21), Samsung_Austin_6/13/2025 (https://www.notion.so/Samsung_Austin_6-13-2025-20d32e888e4280b99160c6bf765d264d?pvs=21), Samsung_Austin_7/14/2025 (https://www.notion.so/Samsung_Austin_7-14-2025-22e32e888e428050ae1aefb2d6fba3e8?pvs=21), Samsung_Austin_7/15/2025 (https://www.notion.so/Samsung_Austin_7-15-2025-23132e888e428062b8d5e283c26eef91?pvs=21), Samsung_Austin_7/16/2025 (https://www.notion.so/Samsung_Austin_7-16-2025-23232e888e42800187a5ff644de81ef6?pvs=21), Samsung_Austin_7/17/2025 (https://www.notion.so/Samsung_Austin_7-17-2025-23332e888e4280b98735e338d78477c0?pvs=21), Samsung_Austin_7/18/2025 (https://www.notion.so/Samsung_Austin_7-18-2025-23432e888e428029ac7ace2b5a4e212c?pvs=21), Samsung_Austin_7/21/2025 (https://www.notion.so/Samsung_Austin_7-21-2025-23632e888e4280fbbc9bd70185d0df0c?pvs=21), Samsung_Austin_8/6/2025 (https://www.notion.so/Samsung_Austin_8-6-2025-24632e888e4280728cb4f02bcdf829be?pvs=21), Samsung_Austin_8/7/2025 (https://www.notion.so/Samsung_Austin_8-7-2025-24832e888e42802a891ac64171887921?pvs=21), Samsung_Austin_8/8/2025 (https://www.notion.so/Samsung_Austin_8-8-2025-24932e888e4280288b96c2ee8b24fb2a?pvs=21), Samsung_Austin_8/11/2025 (https://www.notion.so/Samsung_Austin_8-11-2025-24c32e888e42808fa146f5f5e7c93dc0?pvs=21), Samsung_Austin_8/12/2025 (https://www.notion.so/Samsung_Austin_8-12-2025-24d32e888e42801ca367c4b4016eeb6f?pvs=21), Samsung_Austin_8/13/2025 (https://www.notion.so/Samsung_Austin_8-13-2025-24e32e888e428017b877d9204d7b533f?pvs=21), Samsung_Austin_8/15/2025 (https://www.notion.so/Samsung_Austin_8-15-2025-25032e888e42805eb76ff5a3c4d3ba7d?pvs=21), Samsung_Austin_8/18/2025 (https://www.notion.so/Samsung_Austin_8-18-2025-25332e888e4280eb9272fb8370762d77?pvs=21), Samsung_Austin_8/19/2025 (https://www.notion.so/Samsung_Austin_8-19-2025-25432e888e4280729449c2463f1b055a?pvs=21), Samsung_Austin_8/20/2025 (https://www.notion.so/Samsung_Austin_8-20-2025-25532e888e428015a866fde8a5d5e6f0?pvs=21), Samsung_Austin_8/21/2025 (https://www.notion.so/Samsung_Austin_8-21-2025-25632e888e428030b1e9fc5dcefed381?pvs=21), Samsung_Austin_8/22/2025 (https://www.notion.so/Samsung_Austin_8-22-2025-25732e888e4280dd89ecced5cbb22063?pvs=21), Samsung_Austin_8/25/2025 (https://www.notion.so/Samsung_Austin_8-25-2025-25832e888e4280379fc2da9b5633722f?pvs=21), Samsung_Austin_8/26/2025 (https://www.notion.so/Samsung_Austin_8-26-2025-25b32e888e42804aa16dd5121cc5a3fe?pvs=21), Samsung_Austin_8/27/2025 (https://www.notion.so/Samsung_Austin_8-27-2025-25c32e888e4280b2a2bdc9486058181a?pvs=21), Samsung_Austin_8/28/2025 (https://www.notion.so/Samsung_Austin_8-28-2025-25d32e888e4280d8a442de70b40935d3?pvs=21), Samsung_Austin_8/29/2025 (https://www.notion.so/Samsung_Austin_8-29-2025-25e32e888e42806b9e8ac720b5308d18?pvs=21), Samsung_Austin_9/3/2025 (https://www.notion.so/Samsung_Austin_9-3-2025-26332e888e4280a9af9beb1690dd9329?pvs=21), Samsung_Austin_9/4/2025 (https://www.notion.so/Samsung_Austin_9-4-2025-26432e888e4280ec9c52f3c648713a6b?pvs=21), Samsung_Austin_9/5/2025 (https://www.notion.so/Samsung_Austin_9-5-2025-26532e888e4280578906d6f75b3c3f93?pvs=21), Samsung_Austin_9/8/2025 (https://www.notion.so/Samsung_Austin_9-8-2025-26832e888e4280888f18c7ba3864de93?pvs=21), Samsung_Austin_9/9/2025 (https://www.notion.so/Samsung_Austin_9-9-2025-26932e888e4280c79796e56906f4f7e1?pvs=21), Samsung_Austin_9/10/2025 (https://www.notion.so/Samsung_Austin_9-10-2025-26a32e888e42802cae09dd32e29db770?pvs=21), Samsung_Austin_9/11/2025 (https://www.notion.so/Samsung_Austin_9-11-2025-26b32e888e42809580bae621e4a3c2d4?pvs=21), Samsung_Austin_9/12/2025 (https://www.notion.so/Samsung_Austin_9-12-2025-26c32e888e4280ab84f1edda22d4d7ba?pvs=21), Samsung_Austin_9/15/2025 (https://www.notion.so/Samsung_Austin_9-15-2025-26e32e888e4280f1ba4ac40f9e160dac?pvs=21), Samsung_Austin_9/16/2025 (https://www.notion.so/Samsung_Austin_9-16-2025-27032e888e4280b4a999d4452f0acff0?pvs=21), Samsung_Austin_9/17/2025 (https://www.notion.so/Samsung_Austin_9-17-2025-27132e888e428063a1a0d8e5c1f047ab?pvs=21), Samsung_Austin_9/18/2025 (https://www.notion.so/Samsung_Austin_9-18-2025-27332e888e4280ccbee5c2fffe842071?pvs=21), Samsung_Austin_9/22/2025 (https://www.notion.so/Samsung_Austin_9-22-2025-27732e888e42806faa85c935b8302b1a?pvs=21), Samsung_Austin_9/24/2025 (https://www.notion.so/Samsung_Austin_9-24-2025-27732e888e428088963cc693d47ff8b1?pvs=21), Samsung_Austin_9/25/2025 (https://www.notion.so/Samsung_Austin_9-25-2025-27932e888e428084872fcb48dc5bb40a?pvs=21), Samsung_Austin_9/26/2025 (https://www.notion.so/Samsung_Austin_9-26-2025-27a32e888e4280dd8f2ffe64676a8dc3?pvs=21), Samsung_Austin_10/16/2025 (https://www.notion.so/Samsung_Austin_10-16-2025-28e32e888e4280449615e7309f1a3728?pvs=21)",10/06/2024,Samsung
Spot 12,Ready,Falcon 2 (https://www.notion.so/Falcon-2-11832e888e4280a193edd1a25d29f5ee?pvs=21),Boise - ID,"Serial: spot-BD-41080001,
Wi-Fi Password: ymrhtsbeswq8,
Admin Password: 23361!Tangerine
New Params: Not Yet","September 5, 2026","Exyte_Boise (https://www.notion.so/Exyte_Boise-23132e888e42809eb86af729da7ec8b6?pvs=21), Exyte_Boise (https://www.notion.so/Exyte_Boise-23432e888e4280c3a97eec7c6a7df188?pvs=21), Exyte_Boise (https://www.notion.so/Exyte_Boise-23832e888e42806f98f3ce6aab6e7dac?pvs=21), Exyte_Boise (https://www.notion.so/Exyte_Boise-23832e888e42803fa040e6e3112f1e8d?pvs=21), Exyte_Boise (https://www.notion.so/Exyte_Boise-23832e888e4280e294cfc39758d70cdf?pvs=21)",10/06/2024,Exyte
Spot 11,Ready,Falcon 17 (https://www.notion.so/Falcon-17-1d532e888e42805291f2d385af120699?pvs=21),Boise - ID,"Serial: spot-BD-40990019,
Wi-Fi Password: 6xrofnj496ov,
Admin Password: 23361!Tangerine
New Params: Not Yet","September 5, 2026","Exyte_Boise (https://www.notion.so/Exyte_Boise-23132e888e42809eb86af729da7ec8b6?pvs=21), Exyte_Boise (https://www.notion.so/Exyte_Boise-23432e888e4280c3a97eec7c6a7df188?pvs=21), Exyte_Boise (https://www.notion.so/Exyte_Boise-23832e888e42806f98f3ce6aab6e7dac?pvs=21), Exyte_Boise (https://www.notion.so/Exyte_Boise-23832e888e42803fa040e6e3112f1e8d?pvs=21), Exyte_Boise (https://www.notion.so/Exyte_Boise-23832e888e4280e294cfc39758d70cdf?pvs=21)",10/06/2024,Exyte
Spot 10,Ready,Falcon 25 (https://www.notion.so/Falcon-25-20e32e888e42806fa050da9204846a51?pvs=21),Plano - TX,"Serial: spot-BD-41100024
Wi-Fi Password: 6m98w4qafpjm
Admin Password: orangetangerine
New Params: Yes","August 5, 2026","STO_Datacenter_Texas (https://www.notion.so/STO_Datacenter_Texas-1d832e888e4280a68e55c43a09d31810?pvs=21), Samsung_Austin (https://www.notion.so/Samsung_Austin-23932e888e4280e7b355e70bc341a3f3?pvs=21), STO_Austin (https://www.notion.so/STO_Austin-23e32e888e42804dac55f19b7981c4fa?pvs=21), STO_Austin (https://www.notion.so/STO_Austin-23e32e888e4280fc8900c46ec3eb619d?pvs=21), STO_Austin (https://www.notion.so/STO_Austin-23e32e888e4280f3a122f2990620a47d?pvs=21), STO_Austin (https://www.notion.so/STO_Austin-23e32e888e42809f9965c3683d22a280?pvs=21), STO_Austin (https://www.notion.so/STO_Austin-23e32e888e4280edb201d92e08f0c27f?pvs=21), STO_Austin (https://www.notion.so/STO_Austin-23e32e888e428066a688e8fe08fe6339?pvs=21), STO_Austin (https://www.notion.so/STO_Austin-23e32e888e42804daa49d9a7402e39cb?pvs=21), STO_Austin (https://www.notion.so/STO_Austin-23e32e888e42807c9117fb1048e7bc35?pvs=21), STO_Austin (https://www.notion.so/STO_Austin-24c32e888e4280778742c4820a0f5b2f?pvs=21), STO_Austin (https://www.notion.so/STO_Austin-24c32e888e4280968840fa0c5f2e3941?pvs=21), STO_Austin (https://www.notion.so/STO_Austin-24c32e888e42802886d8ecd32df33b29?pvs=21), STO_Austin (https://www.notion.so/STO_Austin-24c32e888e4280cd921cc6e270381c86?pvs=21), STO_Austin (https://www.notion.so/STO_Austin-24c32e888e4280a09f05fdbe054b4038?pvs=21), STO_Austin (https://www.notion.so/STO_Austin-24c32e888e4280efad33fcb4d3684100?pvs=21), STO_Austin (https://www.notion.so/STO_Austin-25b32e888e4280d3ad76cb60c00c0a1c?pvs=21), STO_Austin (https://www.notion.so/STO_Austin-25b32e888e428056b9a3c5596e89645e?pvs=21), STO_Austin (https://www.notion.so/STO_Austin-25b32e888e4280179d8ee7b5be7a9517?pvs=21), STO_Austin (https://www.notion.so/STO_Austin-25b32e888e42806d822ee0add30c0e0b?pvs=21), STO_Austin (https://www.notion.so/STO_Austin-26232e888e4280a2ab7dd5d048ba9143?pvs=21), STO_Austin (https://www.notion.so/STO_Austin-26232e888e428084933fcb7c1f08d03f?pvs=21), STO_Austin (https://www.notion.so/STO_Austin-26232e888e4280628bece582a1faaf17?pvs=21), STO_Austin (https://www.notion.so/STO_Austin-26f32e888e42805982d9deb1e7a72720?pvs=21), STO_Austin (https://www.notion.so/STO_Austin-26f32e888e4280668c91feb73939f2ed?pvs=21), STO_Austin (https://www.notion.so/STO_Austin-26f32e888e4280988137de4674d4fd75?pvs=21), STO_Austin (https://www.notion.so/STO_Austin-26f32e888e42805facade9a9e3346512?pvs=21), STO_Austin (https://www.notion.so/STO_Austin-26f32e888e4280208abef086e08ebe78?pvs=21), STO_Austin (https://www.notion.so/STO_Austin-26f32e888e428061b4badcfeb9906dea?pvs=21), STO_Austin (https://www.notion.so/STO_Austin-26f32e888e428083af8ad0a80833435e?pvs=21), STO_Austin (https://www.notion.so/STO_Austin-26f32e888e42806da90fe2b0ffcb3ae1?pvs=21), STO_Austin (https://www.notion.so/STO_Austin-26f32e888e42808fbaf9f8c6106e1aa4?pvs=21), STO_Austin (https://www.notion.so/STO_Austin-27d32e888e42803eb06af330850dc6de?pvs=21), STO_Austin (https://www.notion.so/STO_Austin-27d32e888e42805cb716eab74144eee6?pvs=21), STO_Austin (https://www.notion.so/STO_Austin-27d32e888e428077ae8de0c14cfa4c77?pvs=21), STO_Austin (https://www.notion.so/STO_Austin-28432e888e42804faf54ed4050a986e9?pvs=21), STO_Austin (https://www.notion.so/STO_Austin-28432e888e428007b970ffcbdb094c5d?pvs=21), STO_Austin (https://www.notion.so/STO_Austin-28432e888e4280a0860fed0f6feb4b3f?pvs=21), STO_Austin (https://www.notion.so/STO_Austin-29232e888e428041b604d84be83f34e3?pvs=21), STO_Austin (https://www.notion.so/STO_Austin-29232e888e4280968ec4d7e5030fa862?pvs=21), STO_Austin (https://www.notion.so/STO_Austin-29232e888e4280429e57c355f1368890?pvs=21)",07/11/2025,STO
Spot 9,Ready,Falcon 12 (https://www.notion.so/Falcon-12-16132e888e428054a3b6fdc4756a7ca8?pvs=21),Austin - TX,"Serial: spot-BD-41690022
Wi-Fi Password: j4kwt99nzsnd
Admin Password: orangetangerine
New Params: Yes","September 15, 2026","Whiting Turner 08-12 (https://www.notion.so/Whiting-Turner-08-12-6f3f3e6abf22467b981df666d85791a9?pvs=21), Procore_Austin (https://www.notion.so/Procore_Austin-26332e888e4280648557e13b76246672?pvs=21), Procore_Austin (https://www.notion.so/Procore_Austin-26332e888e42802c8413f80b1505ba1b?pvs=21), Procore_Austin (https://www.notion.so/Procore_Austin-26332e888e428069920dc8fa801d0f71?pvs=21), Procore_Austin (https://www.notion.so/Procore_Austin-26332e888e428081bf2ef0680f8c0195?pvs=21), Procore_Austin (https://www.notion.so/Procore_Austin-26332e888e42800ea1e7ed98aa747a50?pvs=21), Procore_Austin (https://www.notion.so/Procore_Austin-26332e888e4280019907def5c4fbf280?pvs=21), Procore_Austin (https://www.notion.so/Procore_Austin-26f32e888e4280d195f2ca51e50b3ce3?pvs=21), Procore_Austin (https://www.notion.so/Procore_Austin-26f32e888e4280e5a7aaee43adbdc74f?pvs=21), Procore_Austin (https://www.notion.so/Procore_Austin-26f32e888e428008821fce0779154415?pvs=21), Procore_Austin (https://www.notion.so/Procore_Austin-26f32e888e4280d89b3af966127179e2?pvs=21), Procore_Austin (https://www.notion.so/Procore_Austin-26f32e888e42805b9ee6e92fba14702f?pvs=21), Procore_Austin (https://www.notion.so/Procore_Austin-26f32e888e4280869824f8af2e812f7e?pvs=21), Procore_Austin (https://www.notion.so/Procore_Austin-27d32e888e4280538d8ed81846abf8ec?pvs=21), Procore_Austin (https://www.notion.so/Procore_Austin-27d32e888e4280df8435c16390417742?pvs=21), Procore_Austin (https://www.notion.so/Procore_Austin-28432e888e428022b222fb887080bd2f?pvs=21), Procore_Austin (https://www.notion.so/Procore_Austin-28432e888e4280a383b3fc881b2e94af?pvs=21), Procore_Austin (https://www.notion.so/Procore_Austin-29232e888e4280ee9614fc9bbe4c730b?pvs=21), Procore_Austin (https://www.notion.so/Procore_Austin-29232e888e4280298ba7f53225f0413b?pvs=21)",09/16/2024,Pro Core
Spot 8,Ready,Falcon 4 (https://www.notion.so/Falcon-4-12832e888e428059a0efeffadf4a65fc?pvs=21),Hokkaido - JP,"Serial: spot-BD-41690021,
Wi-Fi Password: hpor7927q4vt,
Admin Password: Orange Tangerine
New Params: Yes","August 5, 2026","Iwata Deployement (https://www.notion.so/Iwata-Deployement-0458ed1d18d540b781974750f3ae4a25?pvs=21), Iwata Deployement (https://www.notion.so/Iwata-Deployement-d23aae0dcec24f4d9c5288bc00b05a8f?pvs=21), Iwata Deployement (https://www.notion.so/Iwata-Deployement-38ec4ad07b2b42819d1334c1ee3ec6b9?pvs=21), Iwatachizaki_Cofferdam (https://www.notion.so/Iwatachizaki_Cofferdam-b8c79a3de2794e1b9abbf838c44d3646?pvs=21), Iwatachizaki_Cofferdam (https://www.notion.so/Iwatachizaki_Cofferdam-521168556a634b0e9d7169bc43883f14?pvs=21), Iwatachizaki_Cofferdam (https://www.notion.so/Iwatachizaki_Cofferdam-8030462b9add48739961b97404938fc2?pvs=21), Iwatachizaki_Cofferdam (https://www.notion.so/Iwatachizaki_Cofferdam-445caf0475b645ce8dc444ba3c11ffdd?pvs=21), Iwatachizaki_Cofferdam (https://www.notion.so/Iwatachizaki_Cofferdam-1d42491a64354ebe951b710245a784e0?pvs=21), Iwatachizaki_Cofferdam (https://www.notion.so/Iwatachizaki_Cofferdam-b781bb9bc3e7449bba9307b66ece0bfc?pvs=21), Iwatachizaki_Cofferdam (https://www.notion.so/Iwatachizaki_Cofferdam-650f89a2a49d44e48754ca27bf6e53a4?pvs=21), Iwatachizaki_Cofferdam (https://www.notion.so/Iwatachizaki_Cofferdam-5b61b09a2fa5493caff4ab4ccadea2e2?pvs=21), Iwatachizaki_Cofferdam (https://www.notion.so/Iwatachizaki_Cofferdam-22fbca0a59214d82a8c6c92f8c55500a?pvs=21), Iwatachizaki_Cofferdam (https://www.notion.so/Iwatachizaki_Cofferdam-d80c90083e30448c9aa146cd353eee69?pvs=21), Iwatachizaki_Cofferdam (https://www.notion.so/Iwatachizaki_Cofferdam-e9107d3262b24aaca46060a0b7024d57?pvs=21), Iwatachizaki_Cofferdam (https://www.notion.so/Iwatachizaki_Cofferdam-1ea32e888e4280ccb74deef1860b8493?pvs=21), Iwatachizaki_Cofferdam (https://www.notion.so/Iwatachizaki_Cofferdam-1ea32e888e42804d88f9d303abd742dd?pvs=21), Iwatachizaki_Cofferdam (https://www.notion.so/Iwatachizaki_Cofferdam-1ea32e888e4280b99151e173fb06c55a?pvs=21), Iwatachizaki_Cofferdam (https://www.notion.so/Iwatachizaki_Cofferdam-1ea32e888e4280aaa9a6e953c8bd0040?pvs=21), Iwatachizaki_Cofferdam (https://www.notion.so/Iwatachizaki_Cofferdam-1ea32e888e42807e857fde79f08ad7c3?pvs=21), Iwatachizaki_Cofferdam (https://www.notion.so/Iwatachizaki_Cofferdam-1ea32e888e428011b9fde9892c94ea6e?pvs=21), Iwatachizaki_Cofferdam (https://www.notion.so/Iwatachizaki_Cofferdam-1f132e888e4280568d7ed35616397776?pvs=21), Iwatachizaki_Cofferdam (https://www.notion.so/Iwatachizaki_Cofferdam-1f132e888e428030840dea7ed3cbdfc1?pvs=21), Iwatachizaki_Cofferdam (https://www.notion.so/Iwatachizaki_Cofferdam-1f132e888e4280a1980ecf12131bad3b?pvs=21), Iwatachizaki_Cofferdam (https://www.notion.so/Iwatachizaki_Cofferdam-1f132e888e42805bb7ece369f8b02682?pvs=21), Iwatachizaki_Cofferdam (https://www.notion.so/Iwatachizaki_Cofferdam-1f132e888e428053bfc8effec9e11e5b?pvs=21), Iwatachizaki_Cofferdam (https://www.notion.so/Iwatachizaki_Cofferdam-1f832e888e4280a2ab47ce8074c350ad?pvs=21), Iwatachizaki_Cofferdam (https://www.notion.so/Iwatachizaki_Cofferdam-1f832e888e428016a38fcff3f6516cd5?pvs=21), Iwatachizaki_Cofferdam (https://www.notion.so/Iwatachizaki_Cofferdam-1f832e888e428086a3e2d11aefe33f8e?pvs=21), Iwatachizaki_Cofferdam (https://www.notion.so/Iwatachizaki_Cofferdam-1f832e888e4280cca6a3d347b8f0e6cd?pvs=21), Iwatachizaki_Cofferdam (https://www.notion.so/Iwatachizaki_Cofferdam-1f832e888e4280a29b77dee8cef17401?pvs=21), Iwatachizaki_Cofferdam (https://www.notion.so/Iwatachizaki_Cofferdam-20032e888e428037b2bdee36efe2e817?pvs=21), Iwatachizaki_Cofferdam (https://www.notion.so/Iwatachizaki_Cofferdam-20032e888e42803eb614fd2142bb85c5?pvs=21), Iwatachizaki_Cofferdam (https://www.notion.so/Iwatachizaki_Cofferdam-20032e888e4280d4b025de8af03ad5f1?pvs=21), Iwatachizaki_Cofferdam (https://www.notion.so/Iwatachizaki_Cofferdam-20032e888e428069adb3e6d23da63386?pvs=21), Iwatachizaki_Cofferdam (https://www.notion.so/Iwatachizaki_Cofferdam-20032e888e428014a7ccea41bf3568bf?pvs=21), Iwatachizaki_Cofferdam (https://www.notion.so/Iwatachizaki_Cofferdam-20632e888e4280a5a81dee170bf0ddee?pvs=21), Iwatachizaki_Cofferdam (https://www.notion.so/Iwatachizaki_Cofferdam-20632e888e4280148f32fa42de74a673?pvs=21), Iwatachizaki_Cofferdam (https://www.notion.so/Iwatachizaki_Cofferdam-20632e888e428034ac84fe9065cf2060?pvs=21), Iwatachizaki_Cofferdam (https://www.notion.so/Iwatachizaki_Cofferdam-20632e888e4280a28476d0ba94fb075c?pvs=21), Iwatachizaki_Cofferdam (https://www.notion.so/Iwatachizaki_Cofferdam-20632e888e428069924efa311edaf54c?pvs=21), Iwatachizaki_Cofferdam (https://www.notion.so/Iwatachizaki_Cofferdam-20d32e888e428073a09cdbaaf4ef02d4?pvs=21), Iwatachizaki_Cofferdam (https://www.notion.so/Iwatachizaki_Cofferdam-20d32e888e4280529464dcb7eec82b8c?pvs=21), Iwatachizaki_Cofferdam (https://www.notion.so/Iwatachizaki_Cofferdam-20d32e888e428084955cdd75de1cc177?pvs=21), Iwatachizaki_Cofferdam (https://www.notion.so/Iwatachizaki_Cofferdam-20d32e888e4280d9a693c9cdd1b3a8d9?pvs=21), Iwatachizaki_Cofferdam (https://www.notion.so/Iwatachizaki_Cofferdam-20d32e888e428082987cc44b6ff16273?pvs=21), Iwatachizaki_Cofferdam (https://www.notion.so/Iwatachizaki_Cofferdam-22232e888e42803abaded41ed0d915f1?pvs=21), Iwatachizaki_Cofferdam (https://www.notion.so/Iwatachizaki_Cofferdam-22232e888e428016adc8d93fa687e646?pvs=21), Iwatachizaki_Cofferdam (https://www.notion.so/Iwatachizaki_Cofferdam-22232e888e428038a75dff777bbe0111?pvs=21), Iwatachizaki_Cofferdam (https://www.notion.so/Iwatachizaki_Cofferdam-22232e888e4280dba358f1731c6deb15?pvs=21), Iwatachizaki_Cofferdam (https://www.notion.so/Iwatachizaki_Cofferdam-22232e888e4280468f2cda840caebe00?pvs=21), Iwatachizaki_Cofferdam (https://www.notion.so/Iwatachizaki_Cofferdam-22232e888e428065a518d0fad98bbb00?pvs=21), Iwatachizaki_Cofferdam (https://www.notion.so/Iwatachizaki_Cofferdam-22232e888e4280ae9560cb96f8bf382d?pvs=21), Iwatachizaki_Cofferdam (https://www.notion.so/Iwatachizaki_Cofferdam-22232e888e4280bbb834c6f4160dc4bc?pvs=21), Iwatachizaki_Cofferdam (https://www.notion.so/Iwatachizaki_Cofferdam-22232e888e4280479b34e788e2c5a36b?pvs=21), Iwatachizaki_Cofferdam (https://www.notion.so/Iwatachizaki_Cofferdam-22232e888e428082bdd1f84d9966731c?pvs=21), Iwatachizaki_Cofferdam (https://www.notion.so/Iwatachizaki_Cofferdam-22932e888e4280fa85cae722e06c0159?pvs=21), Iwatachizaki_Cofferdam (https://www.notion.so/Iwatachizaki_Cofferdam-22932e888e4280a1a6acee1fd44e2b01?pvs=21), Iwatachizaki_Cofferdam (https://www.notion.so/Iwatachizaki_Cofferdam-22932e888e428050a408f9225562ad8a?pvs=21), Iwatachizaki_Cofferdam (https://www.notion.so/Iwatachizaki_Cofferdam-22932e888e428035a1fbf40916281ea2?pvs=21), Iwatachizaki_Cofferdam (https://www.notion.so/Iwatachizaki_Cofferdam-22932e888e4280f9935ece8e08a52611?pvs=21)",09/12/2024,Iwatachisaki
Spot 7,Ready,No Payload (https://www.notion.so/No-Payload-21732e888e4280ac9201c9e9723a6857?pvs=21),Mineral - VA,"Serial: spot-BD-41340009
Wi-fi Password: er4infc7x226
Admin Password: 23361!Tangerine
New Params: Yes",,,03/31/2025,Clark IAD 550
Spot 6,Ready,No Payload (https://www.notion.so/No-Payload-21732e888e4280ac9201c9e9723a6857?pvs=21),Santa Clara - CA,"Serial: spot-BD-41090023,
Wi-Fi Password: ygoek3zq7fnc,
Admin Password: 160pe4tzie7q
New Params: Not Yet","May 6, 2026","DPR Jul 24 - Jul 26, 2024 (https://www.notion.so/DPR-Jul-24-Jul-26-2024-99ed5ba856044b83a7837f3774571259?pvs=21), DPR Aug 14 - Aug 16, 2024 (https://www.notion.so/DPR-Aug-14-Aug-16-2024-b7b838e8ce2743eb901408199ed728f3?pvs=21), DPR Kick-off July 17th 2024 @9AM (https://www.notion.so/DPR-Kick-off-July-17th-2024-9AM-28bae392df5f41289eb0aa7728efa1c1?pvs=21), DPR July 31 - Aug 2, 2024 (https://www.notion.so/DPR-July-31-Aug-2-2024-e9f28923080f4dd8bbb034c93dba714b?pvs=21), DPR Aug 7 - Aug 9, 2024 (https://www.notion.so/DPR-Aug-7-Aug-9-2024-c95fa4954d60498abb8d587f2c3afe04?pvs=21), DPR Aug 21 - Aug 23, 2024 (https://www.notion.so/DPR-Aug-21-Aug-23-2024-c2cff3ede34a4319a0ad220e0101735f?pvs=21), Nvidia event, Santa clara (https://www.notion.so/Nvidia-event-Santa-clara-321221f0f1464785ba6ef3130d3a8dd4?pvs=21), DPR Aug 28 - Aug 30, 2024 (https://www.notion.so/DPR-Aug-28-Aug-30-2024-fd152d3cf58540b69817e6f54d09012e?pvs=21), DPR Sept 5-6, 2024 (https://www.notion.so/DPR-Sept-5-6-2024-e4cbdb4391ca41d886ff685e814e7392?pvs=21), DPR Sept 11-13, 2024 (https://www.notion.so/DPR-Sept-11-13-2024-5e209b8c04d64fc3934f4db4e2a9e4d0?pvs=21), DPR Sept 19-20, 2024 (https://www.notion.so/DPR-Sept-19-20-2024-4d2460e7872641acb517d0d698ca08db?pvs=21), DPR Sept 25-26, 2024 (https://www.notion.so/DPR-Sept-25-26-2024-fe518cff83174b4688d0eb51c077458c?pvs=21), DPR Oct 2-4, 2024 (https://www.notion.so/DPR-Oct-2-4-2024-11232e888e428080b30ee6f6c11e4ce3?pvs=21), DPR Oct 23-24, 2024 (https://www.notion.so/DPR-Oct-23-24-2024-12832e888e4280399c35e3577b390639?pvs=21), DPR Oct 8-11, 2024 (https://www.notion.so/DPR-Oct-8-11-2024-11a32e888e4280e69b61c68683f9976e?pvs=21), DPR Oct 30-31, 2024 (https://www.notion.so/DPR-Oct-30-31-2024-12832e888e4280908ee5effbe104ca22?pvs=21), DPR  (https://www.notion.so/DPR-12132e888e428081ababda023c172a1f?pvs=21), DPR Nov 6-7, 2024 (https://www.notion.so/DPR-Nov-6-7-2024-13f32e888e42801887c6df76c10e810a?pvs=21), DPR  (https://www.notion.so/DPR-14032e888e4280c8976cd1ac56ecf3f7?pvs=21), DPR  (https://www.notion.so/DPR-14832e888e4280beabf0d54c59148e25?pvs=21), DPR  (https://www.notion.so/DPR-16f32e888e428088b2ebe406de17ca11?pvs=21), DPR  (https://www.notion.so/DPR-16f32e888e4280a6a489d2e3f4a7a4ee?pvs=21), DPR  (https://www.notion.so/DPR-16f32e888e4280048a3ec177c589e8d3?pvs=21), DPR  (https://www.notion.so/DPR-16f32e888e4280159137f79f1cbb0e3e?pvs=21), DPR Deployment (https://www.notion.so/DPR-Deployment-e89f567010a6433c8ab00e4c8d4e2d76?pvs=21), DPR Deployment (https://www.notion.so/DPR-Deployment-9816fea64a564d98a2104b2abc01ab9d?pvs=21)",07/15/2024,DPR- Santa Clara
Spot 5,Ready,Falcon 34 (https://www.notion.so/Falcon-34-23732e888e428075adfae724e565778e?pvs=21),Delhi - LA,"Serial: spot-BD-41200061
Wi-Fi Password: 6vhhu3qocj2r
Admin Password: 0sxbxyimp3sc
New Params: Yes","May 6, 2026","SLB B2 Shipment (https://www.notion.so/SLB-B2-Shipment-998072a3f51e47d582d429c1697becf4?pvs=21), SLB July 19 (https://www.notion.so/SLB-July-19-2cf4b8ab927440e2a6cff94e26b65061?pvs=21), SLB Remote - July 25 (https://www.notion.so/SLB-Remote-July-25-6d62e56989684abfb3e0f016db7aea38?pvs=21), SLB Robot Checkup 8/26/24 (https://www.notion.so/SLB-Robot-Checkup-8-26-24-2ebed09204124e6992b3de4ff0893d47?pvs=21), SLB Robot Gauge Detection - 8/28/24 (https://www.notion.so/SLB-Robot-Gauge-Detection-8-28-24-f22f810326f54033b86c2db4f05da59d?pvs=21), SLB (https://www.notion.so/SLB-11632e888e4280cab313de79cdc8e11f?pvs=21)",03/07/2025,SLB- Louisiana
Spot 4,Ready,Falcon 16 (https://www.notion.so/Falcon-16-1b432e888e428059963bd93683e9188a?pvs=21),Out for DEMO,"Serial: spot-BD-40990025,
Wi-Fi Password: 8fpgzrxii50e,
Admin Password: 23361!Tangerine
New Params: Yes","April 7, 2026","KV Summit (https://www.notion.so/KV-Summit-8e6f83ef048f43ceb9af19dc109bd23b?pvs=21), david demo (https://www.notion.so/david-demo-c16b56390d9e4151b22ea13c8795ebb0?pvs=21), kajima usa start  (https://www.notion.so/kajima-usa-start-192876b118ba445ebb5f0b455321f187?pvs=21), Public Storage  (https://www.notion.so/Public-Storage-11232e888e42802285fef10448699f1d?pvs=21), Public Storage  (https://www.notion.so/Public-Storage-11432e888e4280928cbae42ff9f3d5aa?pvs=21), kajima usa 10th (https://www.notion.so/kajima-usa-10th-11b32e888e428075bd98d2c6711f9ceb?pvs=21), kajima usa  (https://www.notion.so/kajima-usa-12832e888e42807e8888d8373eff155d?pvs=21), kajima usa  (https://www.notion.so/kajima-usa-12832e888e42808495b3d1977efeadda?pvs=21), kajima usa  (https://www.notion.so/kajima-usa-12d32e888e42804a89a3e41ffe83a3b7?pvs=21), Kajima USA (https://www.notion.so/Kajima-USA-12d32e888e4280478f52eb4f5d71de24?pvs=21), Kajima USA  (https://www.notion.so/Kajima-USA-12d32e888e42802899f9e5811ef02ef8?pvs=21), Kajima USA  (https://www.notion.so/Kajima-USA-12d32e888e4280b48217d8b83f8a6eb8?pvs=21), Kajima USA  (https://www.notion.so/Kajima-USA-12d32e888e4280cdae84c3cb7bd0ecf2?pvs=21), Kajima USA  (https://www.notion.so/Kajima-USA-12d32e888e4280f683a7ebe674073c0f?pvs=21), Iwata Deployement (https://www.notion.so/Iwata-Deployement-72d4fc1752db4d1ab9390c6b8048b0df?pvs=21)",08/01/2025,
Spot 3,Ready,Falcon 5 (https://www.notion.so/Falcon-5-12832e888e4280a583bbc617449d49d9?pvs=21),Tokyo - JP,"Serial: spot-BD-40990010,
Wi-Fi Password: 7huwff9h364k,
Admin Password: ,XmN-w3o}_RH
New Params: Yes","May 6, 2026","RYAN ATX / May 08-09 (https://www.notion.so/RYAN-ATX-May-08-09-33e1aa501859449eb9bb0deb494ec6e2?pvs=21), Ryan ATX - DEMO (https://www.notion.so/Ryan-ATX-DEMO-692254c5fe6442e686816331dd97ad25?pvs=21), Ryan / May 02-03 (https://www.notion.so/Ryan-May-02-03-31a31b5a35f84d5fbf28570b5f918932?pvs=21), StructureTone (https://www.notion.so/StructureTone-923947a00c804c0a8535aec73e401d2a?pvs=21), Bechtel demo (dry run 1) (https://www.notion.so/Bechtel-demo-dry-run-1-4ab67fd1b8e54d1f8c9d4d83f868ac92?pvs=21), Bechtel demo  (https://www.notion.so/Bechtel-demo-e580257542aa496abdb7abc5ac9fd1c0?pvs=21), Bechtel demo (dry run 2) (https://www.notion.so/Bechtel-demo-dry-run-2-4d78235871ef462c9af5382488952349?pvs=21), RYAN ATX / May 15-16 or 16-17 (https://www.notion.so/RYAN-ATX-May-15-16-or-16-17-a7d6808f5547415cb5859a0a9eb8f323?pvs=21), RYAN ATX / May 22-23 (https://www.notion.so/RYAN-ATX-May-22-23-a222ff5f64c8410c8b75f619d4212e86?pvs=21), Shell (https://www.notion.so/Shell-14d68232353f40ad8898fa87ca81d158?pvs=21), RYAN ATX / MAY 30-31 (https://www.notion.so/RYAN-ATX-MAY-30-31-036c98c93a4a476ebad7256649160f42?pvs=21), RYAN ATX / June 06-07 (https://www.notion.so/RYAN-ATX-June-06-07-2586151488644ef5abbfb620ab9ee09d?pvs=21), RYAN ATX / June 13-14 (https://www.notion.so/RYAN-ATX-June-13-14-5f8332d5d9714a098dcfdb6afe086008?pvs=21), RYAN ATX / July 11-12 (https://www.notion.so/RYAN-ATX-July-11-12-84d8573c828441559af74b7da7d7a45a?pvs=21), RYAN ATX / June 20-21 (https://www.notion.so/RYAN-ATX-June-20-21-263c496e308a4aa9a12063cd15f3b6e2?pvs=21), RYAN ATX / June 27-28 (https://www.notion.so/RYAN-ATX-June-27-28-ed9d5df4e24a4cb8a6bbb0a092ce5a65?pvs=21), RYAN ATX / July 5-6 (https://www.notion.so/RYAN-ATX-July-5-6-da4f9a04d6324dbb9694964eed4396b9?pvs=21), Ryan ATX 19-20th July 2024 (https://www.notion.so/Ryan-ATX-19-20th-July-2024-8246cc71ee164293b68ec0c6ac026e93?pvs=21), Ryan ATX 1-2 Aug (https://www.notion.so/Ryan-ATX-1-2-Aug-97378fef4b8d4637aaaf4643cd2beabc?pvs=21), Ryan ATX 26-27th July 2024 (https://www.notion.so/Ryan-ATX-26-27th-July-2024-771ec22ed71246c896307399c4c0ae45?pvs=21), Ryan ATX 8 - 9 Aug 2024 (https://www.notion.so/Ryan-ATX-8-9-Aug-2024-4fd3f86124f6410f8ae13046af2a561c?pvs=21), Ryan ATX 8 - 9 Aug 2024 (https://www.notion.so/Ryan-ATX-8-9-Aug-2024-29395b64e51549b6a408482cee7b3af7?pvs=21), Ryan Procore photoshoot (https://www.notion.so/Ryan-Procore-photoshoot-217250934a97473e8ff8f5daa6a95f82?pvs=21), Ryan Dallas show (https://www.notion.so/Ryan-Dallas-show-11632e888e4280d6aec2eff2de0dc7d2?pvs=21), Ryan Videoshoot (https://www.notion.so/Ryan-Videoshoot-12232e888e4280c78e4ce621c7a93019?pvs=21), marathon demo (houston) (https://www.notion.so/marathon-demo-houston-17432e888e42802fba12d02476742a91?pvs=21), Kashinowaha Deployment (https://www.notion.so/Kashinowaha-Deployment-b27d4c171ce34ce2b267570004710bf5?pvs=21), Kashinowaha Deployment (https://www.notion.so/Kashinowaha-Deployment-fd1ef69a4c9c49acacb2fa2b46a87303?pvs=21), Kashinowaha Deployment (https://www.notion.so/Kashinowaha-Deployment-90fbd35490ab436b831dd528dbac3ee7?pvs=21), Kashinowaha Deployment (https://www.notion.so/Kashinowaha-Deployment-4660b3de41ce4e9dbaf65a18e6960cb6?pvs=21), Kajima_Kashinowaha (https://www.notion.so/Kajima_Kashinowaha-3a0335a8ae9b4463a6ee09e0783b1fa7?pvs=21), Kajima_Kashinowaha (https://www.notion.so/Kajima_Kashinowaha-1d3fc907764b45949f15220bc452cc19?pvs=21), Kajima_Kashinowaha (https://www.notion.so/Kajima_Kashinowaha-50921f0c1c254caf801fa40427ce5e3b?pvs=21), Kajima_Kashinowaha (https://www.notion.so/Kajima_Kashinowaha-469618dee770491099bbf097b8aa7611?pvs=21), Kajima_Kashinowaha (https://www.notion.so/Kajima_Kashinowaha-bf32651409df49d387bfe08a987735d6?pvs=21), Kajima_Kashinowaha (https://www.notion.so/Kajima_Kashinowaha-6506b12122da44f99c5e629575f3d2eb?pvs=21), Kajima_Kashinowaha (https://www.notion.so/Kajima_Kashinowaha-15acd46540064a6995cdb1d5bdbbf53e?pvs=21), Kajima_Kashinowaha (https://www.notion.so/Kajima_Kashinowaha-48ea7e5da5524d3d8731d709079db864?pvs=21), Kajima_Kashinowaha (https://www.notion.so/Kajima_Kashinowaha-fc4a81a96a464c9292a5614a545753ba?pvs=21), Kajima_Kashinowaha (https://www.notion.so/Kajima_Kashinowaha-7ca808dcb852489a9d3218716c294683?pvs=21), Kajima_Kashinowaha (https://www.notion.so/Kajima_Kashinowaha-e2e7bbce385d433c98563279c628aeb5?pvs=21), Kajima_Kashinowaha (https://www.notion.so/Kajima_Kashinowaha-1ea32e888e42802b99c5cd6ce309de5f?pvs=21), Kajima_Kashinowaha (https://www.notion.so/Kajima_Kashinowaha-1ea32e888e42807dbab5cf425bb84e3d?pvs=21), Kajima_Kashinowaha (https://www.notion.so/Kajima_Kashinowaha-1ea32e888e4280adaf8be29b2c29063e?pvs=21), Kajima_Kashinowaha (https://www.notion.so/Kajima_Kashinowaha-1ea32e888e428087bd2fe93b1cac71b1?pvs=21), Kajima_Kashinowaha (https://www.notion.so/Kajima_Kashinowaha-1ea32e888e428051a3f9cadcc48732f4?pvs=21), Kajima_Kashinowaha (https://www.notion.so/Kajima_Kashinowaha-1f132e888e4280f4a58eed6d3dabb988?pvs=21), Kajima_Kashinowaha (https://www.notion.so/Kajima_Kashinowaha-1f132e888e4280cd81b9df9c93a253fd?pvs=21), Kajima_Kashinowaha (https://www.notion.so/Kajima_Kashinowaha-1f132e888e42800ab926f6bbe95199f7?pvs=21), Kajima_Kashinowaha (https://www.notion.so/Kajima_Kashinowaha-1f132e888e4280e4bf1ae32d0bdbe4b0?pvs=21), Kajima_Kashinowaha (https://www.notion.so/Kajima_Kashinowaha-1f132e888e4280378891cc0e212b0385?pvs=21), Kajima_Kashinowaha (https://www.notion.so/Kajima_Kashinowaha-1f832e888e428053b491c707a601f605?pvs=21), Kajima_Kashinowaha (https://www.notion.so/Kajima_Kashinowaha-1f832e888e428011893ecb14ae6f0e73?pvs=21), Kajima_Kashinowaha (https://www.notion.so/Kajima_Kashinowaha-1f832e888e42806b89cbc0333cbcba1c?pvs=21), Kajima_Kashinowaha (https://www.notion.so/Kajima_Kashinowaha-1f832e888e4280d9bba6edcbe2bd87d4?pvs=21), Kajima_Kashinowaha (https://www.notion.so/Kajima_Kashinowaha-1f832e888e4280f4b6d1f1537d37ba2d?pvs=21), Kajima_Kashinowaha (https://www.notion.so/Kajima_Kashinowaha-20032e888e4280908e98e19de0d1b082?pvs=21), Kajima_Kashinowaha (https://www.notion.so/Kajima_Kashinowaha-20032e888e4280b5a439fe4ab4b9ae0b?pvs=21), Kajima_Kashinowaha (https://www.notion.so/Kajima_Kashinowaha-20032e888e42807cb5d2de36971391f0?pvs=21), Kajima_Kashinowaha (https://www.notion.so/Kajima_Kashinowaha-20032e888e42808d93def087b047df39?pvs=21), Kajima_Kashinowaha (https://www.notion.so/Kajima_Kashinowaha-20032e888e4280a38fc7fbba7dfbb57f?pvs=21), Kajima_Kashinowaha (https://www.notion.so/Kajima_Kashinowaha-20632e888e42804cb969f8ca97c871e3?pvs=21), Kajima_Kashinowaha (https://www.notion.so/Kajima_Kashinowaha-20632e888e428014a386d35d729ae476?pvs=21), Kajima_Kashinowaha (https://www.notion.so/Kajima_Kashinowaha-20632e888e4280d7bd14f1601e609d7d?pvs=21), Kajima_Kashinowaha (https://www.notion.so/Kajima_Kashinowaha-20632e888e4280afb9fde591cb3c5892?pvs=21), Kajima_Kashinowaha (https://www.notion.so/Kajima_Kashinowaha-20d32e888e4280d1ac4bc2bcd79508ef?pvs=21), Kajima_Kashinowaha (https://www.notion.so/Kajima_Kashinowaha-20d32e888e4280299a06eab0e8802656?pvs=21), Kajima_Kashinowaha (https://www.notion.so/Kajima_Kashinowaha-20d32e888e42807daeb3c954d5518f11?pvs=21), Kajima_Kashinowaha (https://www.notion.so/Kajima_Kashinowaha-20d32e888e4280c4ba4dfc228270be30?pvs=21), Kajima_Kashinowaha (https://www.notion.so/Kajima_Kashinowaha-20d32e888e4280b09fc8f71f335e5ac6?pvs=21), Kajima_Kashinowaha (https://www.notion.so/Kajima_Kashinowaha-22232e888e4280899484fb6eecf62f83?pvs=21), Kajima_Kashinowaha (https://www.notion.so/Kajima_Kashinowaha-22232e888e428045857dd5995e8e0c1b?pvs=21), Kajima_KTC (https://www.notion.so/Kajima_KTC-22232e888e42804b96c2eee3d83feac1?pvs=21), Kajima_KTC (https://www.notion.so/Kajima_KTC-22232e888e4280a5b73bf1ea1a4d325e?pvs=21), Kajima_KTC (https://www.notion.so/Kajima_KTC-23432e888e428046baa4fc1684fb0c98?pvs=21), Kajima_KTC (https://www.notion.so/Kajima_KTC-23432e888e428082bddcd956ae8d1eb5?pvs=21), Kajima_KTC (https://www.notion.so/Kajima_KTC-23432e888e42806eb4f3c76a146f6a0a?pvs=21), Kajima_KTC (https://www.notion.so/Kajima_KTC-23432e888e428011a5fdf4a426cadce1?pvs=21), Kajima_KTC (https://www.notion.so/Kajima_KTC-23432e888e42800fb4e1ff83664a93c8?pvs=21), Kajima_KTC (https://www.notion.so/Kajima_KTC-23e32e888e4280868da8e634f437feab?pvs=21)",05/14/2024,"Kajima - Kashiwanoha, moved to KTC"
Spot 2,Ready,No Payload (https://www.notion.so/No-Payload-21732e888e4280ac9201c9e9723a6857?pvs=21),Morgan Office,"Serial: spot-BD-02790010,
Wi-Fi Password: bb9befdwhqfz (orangetangerine),
Admin Password: *K9H,k29dF4mhH~g^!0d
New Params: Not Yet","February 17, 2026","Whiting Turner Stockton Demo (TBD) (https://www.notion.so/Whiting-Turner-Stockton-Demo-TBD-def99a2f300247169f5a32aad8d275d6?pvs=21), Bechtel-Wyoming (https://www.notion.so/Bechtel-Wyoming-e9269bb29ad142bbac0cd198312fea01?pvs=21), Public Storage - Initial Inspection  (https://www.notion.so/Public-Storage-Initial-Inspection-ae474943a488404dae3d03c158249391?pvs=21), Big-D Aug 5th 2024 (https://www.notion.so/Big-D-Aug-5th-2024-cceb657a95aa43439beaaf534fd3d55f?pvs=21), Big-D Aug 12th 2024 (https://www.notion.so/Big-D-Aug-12th-2024-0489ca4a52984f7db1e0c6b69050d162?pvs=21), Public Storage  (https://www.notion.so/Public-Storage-c1d86b5393794484a4c7521d82a8f382?pvs=21), Kajima USA DEMO - Carlsbad (https://www.notion.so/Kajima-USA-DEMO-Carlsbad-bacbf605da5f4fec919e6c751fcd34f1?pvs=21), Public Storage - Quick Map  (https://www.notion.so/Public-Storage-Quick-Map-a99641b63b084b88902101c8975fe9bb?pvs=21), Public Storage  (https://www.notion.so/Public-Storage-13699557ef84455083d6bc933a38f609?pvs=21), Big-D Aug 19th 2024 (https://www.notion.so/Big-D-Aug-19th-2024-68a9752497414a5484e97ae685d28b91?pvs=21), Public Storage  (https://www.notion.so/Public-Storage-941d7be5f24742fa96e45f70c437f950?pvs=21), Public Storage - Initial Inspection  (https://www.notion.so/Public-Storage-Initial-Inspection-d79a944bf4244a3f995a55b8fc69e094?pvs=21), Public Storage  (https://www.notion.so/Public-Storage-c1bff082a7be456194012358d8a66708?pvs=21), Public Storage  (https://www.notion.so/Public-Storage-415f52597940447c9715d7088bad7c76?pvs=21), Big-D Aug 26th 2024 (https://www.notion.so/Big-D-Aug-26th-2024-2754a1b34d5b447f95c5a5d51b2bd32d?pvs=21), Public Storage  (https://www.notion.so/Public-Storage-688aee755c6a49be8ccd015825d6507f?pvs=21), Public Storage  (https://www.notion.so/Public-Storage-05ee84160c77429fa207831ab16c3438?pvs=21), Whiting Turner Kickoff  (https://www.notion.so/Whiting-Turner-Kickoff-473d5880dc464106b3a0c4390eceee4c?pvs=21), Public Storage  (https://www.notion.so/Public-Storage-06575800fc9e4790aa1b3ae19dd4a6a0?pvs=21), Whiting Turner  (https://www.notion.so/Whiting-Turner-10332e888e42805199d9c21a5a67d3c4?pvs=21), Public Storage  (https://www.notion.so/Public-Storage-10832e888e42802b9fa2c32833350576?pvs=21), Public Storage  (https://www.notion.so/Public-Storage-10832e888e42806f840ffb6134e77006?pvs=21), Public Storage  (https://www.notion.so/Public-Storage-10b32e888e428055a1c1e142c3f0641d?pvs=21), Public Storage  (https://www.notion.so/Public-Storage-10b32e888e42806698c7f338fc0ffe67?pvs=21), Public Storage  (https://www.notion.so/Public-Storage-11232e888e42805f864ff4c67db0facf?pvs=21), Public Storage  (https://www.notion.so/Public-Storage-11232e888e4280b5bc7bfc6bae0899e2?pvs=21), Public Storage  (https://www.notion.so/Public-Storage-11432e888e4280c29e2dd6886ec2393f?pvs=21), Public Storage (Demo to Kyle) (https://www.notion.so/Public-Storage-Demo-to-Kyle-11b32e888e4280f1b260dc600e5af4de?pvs=21), Public Storage (Demo to Kyle) (https://www.notion.so/Public-Storage-Demo-to-Kyle-11b32e888e4280f19222e4f11b0a3536?pvs=21), Public Storage (Demo to Kyle) (https://www.notion.so/Public-Storage-Demo-to-Kyle-11b32e888e4280bc9f4ce85e9b9d8570?pvs=21), Public Storage (Demo to Kyle) (https://www.notion.so/Public-Storage-Demo-to-Kyle-11b32e888e4280be923be1a3881429ff?pvs=21), Public Storage (Demo to Kyle) (https://www.notion.so/Public-Storage-Demo-to-Kyle-11b32e888e4280c1b580d81e563b0b96?pvs=21), Public Storage  (https://www.notion.so/Public-Storage-11b32e888e42805a9476f572a607c39b?pvs=21), Public Storage  (https://www.notion.so/Public-Storage-12832e888e428088ac6eccf3984d3a4f?pvs=21), Public Storage  (https://www.notion.so/Public-Storage-12832e888e42807e8fb6e6520fcd2aef?pvs=21), Public Storage  (https://www.notion.so/Public-Storage-12832e888e42802c8d9fffc7b05af243?pvs=21), Public Storage  (https://www.notion.so/Public-Storage-13032e888e428056b075c78c4776fc65?pvs=21), Public Storage  (https://www.notion.so/Public-Storage-13032e888e4280209d0adc0dcb8e6578?pvs=21), Public Storage  (https://www.notion.so/Public-Storage-13032e888e4280c6997ef7c0fae42fd8?pvs=21), Public Storage  (https://www.notion.so/Public-Storage-13032e888e4280a1bf5cfca14e4b4379?pvs=21), Public Storage (demo to Reza) (https://www.notion.so/Public-Storage-demo-to-Reza-13032e888e428080b992e7a20023f52a?pvs=21), Public Storage  (https://www.notion.so/Public-Storage-13532e888e4280a08ef7d49532be6060?pvs=21), Public Storage  (https://www.notion.so/Public-Storage-13532e888e4280e0adffe56e29e65aaa?pvs=21), Public Storage  (https://www.notion.so/Public-Storage-13532e888e4280118233d94f075e2c8f?pvs=21), Public Storage (overnight mission) (https://www.notion.so/Public-Storage-overnight-mission-13c32e888e4280da8c2af8ec3c74c4cf?pvs=21), Public Storage  (https://www.notion.so/Public-Storage-13f32e888e428095aca7cc5e45f33af8?pvs=21), Public Storage  (https://www.notion.so/Public-Storage-14832e888e4280e4be85d38e8477aeef?pvs=21), Public Storage  (https://www.notion.so/Public-Storage-14832e888e42801e9293f74a9cabe181?pvs=21), Public Storage  (https://www.notion.so/Public-Storage-14832e888e42808fa5bcc7c61380435d?pvs=21), Public Storage  (https://www.notion.so/Public-Storage-14832e888e42805eab2bdca25f1e71ab?pvs=21), Public Storage  (https://www.notion.so/Public-Storage-16f32e888e42808c89a7e692e5cc800e?pvs=21), Public Storage  (https://www.notion.so/Public-Storage-16f32e888e4280eb9f6dd85da6b85ab4?pvs=21), Public Storage  (https://www.notion.so/Public-Storage-16f32e888e4280039208cadb4cff8605?pvs=21), Public Storage  (https://www.notion.so/Public-Storage-16f32e888e4280f4aa2dda077bb6f8d6?pvs=21)",,"Old robot -No docking capabilities - Stored

Now can dock!"
Spot 1,Ready,Falcon 15 (https://www.notion.so/Falcon-15-16132e888e4280ec83f5eefc01a7d85c?pvs=21),Salt Lake City - UT,"Serial: spot-BD-23250001,
Wi-Fi Password: oo2j5wng8buu
Admin Password: ???
New Params: ???","December 3, 2025","ARGO Japan (https://www.notion.so/ARGO-Japan-baa429f87cdd4ff4b7b3d66149ab77f3?pvs=21), Big-D dog house deployment and 360 capture July 8th 2024  (https://www.notion.so/Big-D-dog-house-deployment-and-360-capture-July-8th-2024-ad79f46fa1f141738eb549f904a19467?pvs=21), Big-D Deployment July 15th 2024 (https://www.notion.so/Big-D-Deployment-July-15th-2024-e1fd559beb5c4d19827ea103624d2111?pvs=21), Big-D July 22nd 2024 (https://www.notion.so/Big-D-July-22nd-2024-32d13e8af82c4c7cae9c5523312a7634?pvs=21), Big-D July 29th 2024 (https://www.notion.so/Big-D-July-29th-2024-8b1dfab85fc642778b94c3bb1c6773e8?pvs=21), SIGGRAPH Nvidia conference (https://www.notion.so/SIGGRAPH-Nvidia-conference-0e7edff53ccd48dc8d2b15c966ee4d2c?pvs=21), Big-D  (https://www.notion.so/Big-D-339d9e14df2c493c98345873bfb76458?pvs=21), Big-D  (https://www.notion.so/Big-D-886c5dfac24748d3b2a17506e593ce3a?pvs=21), Big-D  (https://www.notion.so/Big-D-8d6270e7b8724b439b1c3a66fa945024?pvs=21), Big-D  (https://www.notion.so/Big-D-cb95a0d8c2a64c40b50bf3ecef956ec8?pvs=21), Big-D  (https://www.notion.so/Big-D-11632e888e428052a8bade842dbfa1f0?pvs=21), Big-D  (https://www.notion.so/Big-D-11632e888e428036bdf9cd9dd71b8c08?pvs=21), Big-D  (https://www.notion.so/Big-D-11b32e888e4280479612cede22b98555?pvs=21), Big-D  (https://www.notion.so/Big-D-12832e888e4280569f2aee4302d2e0e1?pvs=21), Big-D  (https://www.notion.so/Big-D-12832e888e428095adbae75e89b21b96?pvs=21), Big-D  (https://www.notion.so/Big-D-13032e888e4280a0a937c8f973d5ff69?pvs=21), Big-D  (https://www.notion.so/Big-D-13032e888e428000a7d8db2b689f9c6e?pvs=21), Big-D  (https://www.notion.so/Big-D-14032e888e428012b6bccc48fb0ff737?pvs=21), Big-D  (https://www.notion.so/Big-D-14032e888e428006b763d04b3cc6a4d6?pvs=21), Big-D  (https://www.notion.so/Big-D-16f32e888e4280f59d7dd41ce370610d?pvs=21), Big-D  (https://www.notion.so/Big-D-16f32e888e4280a0923dd373f77c4f8c?pvs=21), Big-D  (https://www.notion.so/Big-D-16f32e888e42804bb8f8e5206e8759f8?pvs=21), Big-D  (https://www.notion.so/Big-D-16f32e888e428084a827e349567fb4d6?pvs=21), Big-D  (https://www.notion.so/Big-D-16f32e888e4280828257faab6ab30555?pvs=21), Big-D  (https://www.notion.so/Big-D-16f32e888e4280d392fdf1d00692405a?pvs=21), Big-D Deployment (https://www.notion.so/Big-D-Deployment-16f32e888e4280d4adb8fbd176151e4f?pvs=21), Big-D  (https://www.notion.so/Big-D-18932e888e42800ca869d67a3fd4c931?pvs=21), Big-D  (https://www.notion.so/Big-D-19732e888e4280baa6ebda7f813fe71e?pvs=21), Big-D  (https://www.notion.so/Big-D-19732e888e4280f4a594fd318928811c?pvs=21), Big-D  (https://www.notion.so/Big-D-19732e888e4280629d79c22370313305?pvs=21), Big-D Deployment (https://www.notion.so/Big-D-Deployment-33e2c35ebc0a4a0aa856f6efbaa7d77f?pvs=21), Big-D Deployment (https://www.notion.so/Big-D-Deployment-80d459d90faf4fb89f3f322e51685949?pvs=21), Big-D_Temple-Utah (https://www.notion.so/Big-D_Temple-Utah-8f0e58e170bd468ca4fb2663f86eecd2?pvs=21), Big-D_Temple-Utah (https://www.notion.so/Big-D_Temple-Utah-0e798b59266c4b9b8cfaabd22b31965b?pvs=21), Big-D_Temple-Utah (https://www.notion.so/Big-D_Temple-Utah-3c0c8fbeb148471383e3a54fa5fcc601?pvs=21), Big-D_Temple-Utah (https://www.notion.so/Big-D_Temple-Utah-1c96098e39df4b47935d0de4cb0e1691?pvs=21), Big-D_Temple-Utah (https://www.notion.so/Big-D_Temple-Utah-1ea32e888e4280b8932ae2d7b36a6b5c?pvs=21), Big-D_Temple-Utah (https://www.notion.so/Big-D_Temple-Utah-1ea32e888e42807fa719cf245d73207a?pvs=21), Big-D_Temple-Utah (https://www.notion.so/Big-D_Temple-Utah-1f132e888e428094beb0d94963879c75?pvs=21), Big-D_Temple-Utah (https://www.notion.so/Big-D_Temple-Utah-1f132e888e42800ebf1ec3027106ce96?pvs=21), Big-D_Temple-Utah (https://www.notion.so/Big-D_Temple-Utah-1f332e888e428018b32dedbd7bfe16f1?pvs=21), Big-D_Temple-Utah (https://www.notion.so/Big-D_Temple-Utah-1f432e888e4280a68216d4891ef9350d?pvs=21), Big-D_Temple-Utah (https://www.notion.so/Big-D_Temple-Utah-1f832e888e428015b2a5e9cbdf43bf70?pvs=21), Big-D_Temple-Utah (https://www.notion.so/Big-D_Temple-Utah-1f832e888e42800e8ba0e7af7d43e993?pvs=21), Big-D_Temple-Utah (https://www.notion.so/Big-D_Temple-Utah-1ff32e888e4280bc8338d4035f4f270b?pvs=21), Big-D_Temple-Utah (https://www.notion.so/Big-D_Temple-Utah-20032e888e4280dd921ac2676c81d9d0?pvs=21), Big-D_Temple-Utah (https://www.notion.so/Big-D_Temple-Utah-20032e888e4280f2883ada32d284cab2?pvs=21), Big-D_Temple-Utah (https://www.notion.so/Big-D_Temple-Utah-20632e888e42800bb419f754ae6969b3?pvs=21), Big-D_Temple-Utah (https://www.notion.so/Big-D_Temple-Utah-20632e888e4280b8a3d1e0c8b1a91d2c?pvs=21), Big-D_Temple-Utah (https://www.notion.so/Big-D_Temple-Utah-20d32e888e428035967be2575e243a41?pvs=21), Big-D_Temple-Utah (https://www.notion.so/Big-D_Temple-Utah-20d32e888e42804eb016d35cc4147ebd?pvs=21), Big-D_Temple-Utah (https://www.notion.so/Big-D_Temple-Utah-21432e888e4280e2bb3fd3f0d98543f2?pvs=21), Big-D_Temple-Utah (https://www.notion.so/Big-D_Temple-Utah-21432e888e428011aab0c12b123ddd63?pvs=21), Big-D_Temple-Utah  (https://www.notion.so/Big-D_Temple-Utah-22232e888e42802ebc0fc9007f91f620?pvs=21), Big-D_Temple-Utah (https://www.notion.so/Big-D_Temple-Utah-22232e888e42801a8f1df30d411b6203?pvs=21), Big-D_Temple-Utah (https://www.notion.so/Big-D_Temple-Utah-22232e888e4280f1b6ecfda7be9292a1?pvs=21), Big-D_Temple-Utah (https://www.notion.so/Big-D_Temple-Utah-22232e888e428041b551ca1e6798b047?pvs=21), Big-D_Temple-Utah (https://www.notion.so/Big-D_Temple-Utah-22232e888e4280e5868ed13156d96034?pvs=21), Big-D_Temple-Utah (https://www.notion.so/Big-D_Temple-Utah-22932e888e42804eb19ccc2a343378f5?pvs=21), Big-D_Temple-Utah (https://www.notion.so/Big-D_Temple-Utah-22932e888e42803fa2a6d79700f27bda?pvs=21), Big-D_Temple-Utah (https://www.notion.so/Big-D_Temple-Utah-23132e888e4280e69113c2e6d7a1d82c?pvs=21), Big-D_Temple-Utah (https://www.notion.so/Big-D_Temple-Utah-23132e888e428055ba1ed1816ebc71a1?pvs=21), Big-D_Temple-Utah (https://www.notion.so/Big-D_Temple-Utah-23232e888e42802f82f9d5547da570af?pvs=21), Big-D_Temple-Utah (https://www.notion.so/Big-D_Temple-Utah-23832e888e4280df97d1e2ecaf3d776e?pvs=21), Big-D_Temple-Utah (https://www.notion.so/Big-D_Temple-Utah-23832e888e42807d82edf585cdfaf18e?pvs=21), Big-D_Temple-Utah (https://www.notion.so/Big-D_Temple-Utah-23e32e888e4280b0b585c6492924a76f?pvs=21), Big-D_Temple-Utah (https://www.notion.so/Big-D_Temple-Utah-23e32e888e42805bac17f422c0e86edf?pvs=21), Big-D_Temple-Utah (https://www.notion.so/Big-D_Temple-Utah-24c32e888e42803b9c44c0d29bf0c82e?pvs=21), Big-D_Temple-Utah (https://www.notion.so/Big-D_Temple-Utah-24c32e888e428050ad07fe1bba72cc2b?pvs=21), Big-D_Temple-Utah (https://www.notion.so/Big-D_Temple-Utah-24c32e888e4280a88972f343b8890b7f?pvs=21), Big-D_Temple-Utah (https://www.notion.so/Big-D_Temple-Utah-24c32e888e428056af92f3e66dd9fd7e?pvs=21), Big-D_Temple-Utah (https://www.notion.so/Big-D_Temple-Utah-24c32e888e4280289ea7edc14fce4bd4?pvs=21), Big-D_Temple-Utah (https://www.notion.so/Big-D_Temple-Utah-24c32e888e4280b5906dddcc6b2f7992?pvs=21), Big-D_Temple-Utah (https://www.notion.so/Big-D_Temple-Utah-25b32e888e4280e08ac5f52c170c6886?pvs=21), Big-D_Temple-Utah (https://www.notion.so/Big-D_Temple-Utah-25b32e888e42802c9e19d05ca60e2dcd?pvs=21), Big-D_Temple-Utah (https://www.notion.so/Big-D_Temple-Utah-25b32e888e428087b173c84bee06fa7f?pvs=21), Big-D_Temple-Utah (https://www.notion.so/Big-D_Temple-Utah-25b32e888e42808a9239fad7b3512082?pvs=21)",05/14/2024,"BigD-Utah |
Old robot"